kind,label_sys,label_mod,gain,bias,comp,df,viol_rate,step_score,res_slope,ripple_var,switch_step_err_max,switch_step_err_ratio,nonswitch_step_max,nonswitch_step_ratio,sys_幅度失准,sys_频率失准,sys_参考电平失准,mod_衰减器,mod_前置放大器,mod_低频段前置低通滤波器,mod_低频段第一混频器,mod_高频段YTF滤波器,mod_高频段混频器,mod_时钟振荡器,mod_时钟合成与同步网络,mod_本振源（谐波发生器）,mod_本振混频组件,mod_校准源,mod_存储器,mod_校准信号开关,mod_中频放大器,mod_ADC,mod_数字RBW,mod_数字放大器,mod_数字检波器,mod_VBW滤波器,mod_电源模块,mod_未定义/其他
lo,频率失准,本振系统,0.9937031894722267,0.002851793436846986,-0.05847825307388733,0.0,0.1053,0.0,2.0865570662119276e-12,12.82485309362887,0.669712377909981,1.0,1.773751344929385,0.3111111111111111,0.0,0.0,0.0,0.0,0.0,0.15789473668421053,0.1052631577894737,0.15789473668421053,0.1052631577894737,0.0,0.0,0.0,0.0,0.0,0.0,0.0,0.0,0.02105263155789474,0.06315789467368421,0.0,0.07368421045263158,0.052631578894736845,0.12631578934736842,0.13684210512631578
preamp,幅度失准,前置放大器,0.9242455816668879,-0.38013056247625143,-0.0019262113938004477,0.0,0.1429,0.0,-1.3190491836083033e-11,0.0025273286229510624,0.8774364386056388,1.0,1.8054467673632315,0.28888888888888886,0.0,0.0,0.0,0.0,0.0,0.15789473668421053,0.10526315778947369,0.15789473668421053,0.10526315778947369,0.0,0.0,0.0,0.0,0.0,0.0,0.0,0.0,0.021052631557894743,0.06315789467368423,0.0,0.07368421045263158,0.05263157889473685,0.12631578934736842,0.1368421051263158
vbw,normal,数字IF板,0.7981815804138299,0.1047484059136716,0.01978336720983842,0.0,0.1229,0.0,-1.9218299561467935e-13,2.481545587544451,0.0,0.0,1.3322455453422497,0.17777777777777778,0.0,0.0,0.0,0.0,0.0,0.15789473668421053,0.1052631577894737,0.15789473668421053,0.1052631577894737,0.0,0.0,0.0,0.0,0.0,0.0,0.0,0.0,0.021052631557894736,0.06315789467368421,0.0,0.07368421045263157,0.052631578894736845,0.1263157893473684,0.13684210512631578
vbw,normal,数字IF板,0.7522694604887687,0.13431907712626323,0.018666550378950486,0.0,0.1264,0.0,-1.3371710227390974e-13,2.506180620306183,0.0,0.0,0.9855107145881223,0.17777777777777778,0.0,0.0,0.0,0.0,0.0,0.15789473668421053,0.1052631577894737,0.15789473668421053,0.1052631577894737,0.0,0.0,0.0,0.0,0.0,0.0,0.0,0.0,0.02105263155789474,0.06315789467368421,0.0,0.07368421045263157,0.052631578894736845,0.12631578934736845,0.1368421051263158
mixer,normal,低频段第一混频器,0.9956207279260563,0.004070727585540022,-8.394575014547458e-05,0.0,0.2489,0.0,-3.1745758196818547e-14,0.12834935806868558,0.27742473677549817,0.5,1.7547550093837168,0.3333333333333333,0.0,0.0,0.0,0.0,0.0,0.15789473668421053,0.10526315778947369,0.15789473668421053,0.10526315778947369,0.0,0.0,0.0,0.0,0.0,0.0,0.0,0.0,0.021052631557894743,0.06315789467368421,0.0,0.07368421045263158,0.05263157889473685,0.12631578934736842,0.1368421051263158
power,normal,电源模块,1.0013727772883887,-0.004555755551033837,-3.375925984819717e-05,0.0,0.1888,0.0,3.4880106182988144e-14,0.037995550866292374,0.7999790331783543,1.0,1.7987997120611925,0.28888888888888886,0.0,0.0,0.0,0.0,0.0,0.15789473668421053,0.10526315778947369,0.15789473668421053,0.10526315778947369,0.0,0.0,0.0,0.0,0.0,0.0,0.0,0.0,0.02105263155789474,0.06315789467368421,0.0,0.07368421045263157,0.052631578894736845,0.12631578934736842,0.13684210512631578
vbw,normal,数字IF板,0.8263446984334476,0.08990194455523273,0.020384486148838032,0.0,0.117,0.0,-1.1064728390953594e-13,2.4599725540579427,0.0,0.0,1.501755510498317,0.26666666666666666,0.0,0.0,0.0,0.0,0.0,0.15789473668421053,0.10526315778947368,0.15789473668421053,0.10526315778947368,0.0,0.0,0.0,0.0,0.0,0.0,0.0,0.0,0.02105263155789474,0.06315789467368421,0.0,0.07368421045263158,0.052631578894736845,0.12631578934736842,0.1368421051263158
mixer,normal,低频段第一混频器,0.9926107095549437,0.0037332806722998177,-0.0001358696405218832,0.0,0.2247,0.0,-1.306372910369731e-13,0.054668543277206785,0.9578902008949235,0.5,1.7170694722171196,0.37777777777777777,0.0,0.0,0.0,0.0,0.0,0.15789473668421053,0.10526315778947369,0.15789473668421053,0.10526315778947369,0.0,0.0,0.0,0.0,0.0,0.0,0.0,0.0,0.021052631557894743,0.06315789467368421,0.0,0.07368421045263158,0.05263157889473685,0.12631578934736842,0.1368421051263158
clock,频率失准,时钟系统,0.9875761977626468,0.0070768742341067855,-0.06984822462698073,0.0,0.1064,0.0,2.7171429463214333e-12,18.250581066042102,0.6648561827728676,0.5,1.8059117848547874,0.3111111111111111,0.0,0.0,0.0,0.0,0.0,0.15789473668421053,0.10526315778947369,0.15789473668421053,0.10526315778947369,0.0,0.0,0.0,0.0,0.0,0.0,0.0,0.0,0.021052631557894736,0.0631578946736842,0.0,0.07368421045263157,0.05263157889473684,0.12631578934736842,0.13684210512631578
lo,频率失准,本振系统,0.9974521432119511,0.0005724219460775021,0.004533823751730087,0.0,0.1065,0.0,-7.775238822826765e-14,0.08273772264345843,0.8771982594819245,1.0,1.771107587912764,0.28888888888888886,0.0,0.0,0.0,0.0,0.0,0.15789473668421053,0.10526315778947369,0.15789473668421053,0.10526315778947369,0.0,0.0,0.0,0.0,0.0,0.0,0.0,0.0,0.021052631557894743,0.06315789467368423,0.0,0.07368421045263158,0.052631578894736845,0.12631578934736842,0.1368421051263158
power,normal,电源模块,1.0036551074528646,-0.002947237960552596,-0.00016236808308198202,0.0,0.1958,0.0,6.231912706351541e-14,0.04488071710922793,1.0160068182678414,1.0,1.8181848291540592,0.3111111111111111,0.0,0.0,0.0,0.0,0.0,0.15789473668421053,0.10526315778947369,0.15789473668421053,0.10526315778947369,0.0,0.0,0.0,0.0,0.0,0.0,0.0,0.0,0.02105263155789474,0.06315789467368421,0.0,0.07368421045263157,0.052631578894736845,0.12631578934736842,0.1368421051263158
amp,幅度失准,校准系统,1.1277245757005447,0.2486847954110424,0.030872237850780915,6695668.566856686,0.2616,0.0,1.4862142221547465e-12,2.7574501815240766,0.8980119028269746,1.0,2.027095088576698,0.3333333333333333,0.333333333,0.333333333,0.333333333,0.06923076911094674,0.030769230715976325,0.11538461530029583,0.07692307686686391,0.11538461530029583,0.07692307686686391,0.0314102563558925,0.0314102563558925,0.013461538438239643,0.013461538438239643,0.008205128190927021,0.006153846143195266,0.016410256381854043,0.019230769197485204,0.019230769212869824,0.046153846120118344,0.015384615357988162,0.05384615380680473,0.038461538433431953,0.09230769224023669,0.11025641016558185
rl,参考电平失准,衰减器,1.0920314576271113,0.6447296812179362,0.002301527967575656,0.0,0.1571,0.0,1.9821457237531327e-11,0.006637199264019541,1.5918437731722093,1.0,1.5702700844235342,0.28888888888888886,0.0,0.0,0.0,0.0,0.0,0.15789473668421053,0.1052631577894737,0.15789473668421053,0.1052631577894737,0.0,0.0,0.0,0.0,0.0,0.0,0.0,0.0,0.021052631557894743,0.06315789467368421,0.0,0.07368421045263158,0.052631578894736845,0.12631578934736842,0.13684210512631578
adc,normal,数字IF板,0.9531393901017446,-0.028703424774565583,0.003838129978472153,0.0,0.1147,0.0,-4.49442935472251e-13,0.0943966236572586,0.8589813547460124,1.0,1.70480713703536,0.28888888888888886,0.0,0.0,0.0,0.0,0.0,0.15789473668421053,0.10526315778947369,0.15789473668421053,0.10526315778947369,0.0,0.0,0.0,0.0,0.0,0.0,0.0,0.0,0.021052631557894736,0.06315789467368421,0.0,0.07368421045263157,0.05263157889473684,0.12631578934736842,0.13684210512631578
lpf,normal,低频段LPF,0.8993584682252137,0.002896414617215322,-0.0025181590189490097,0.0,0.1088,0.0,-1.099280225261045e-12,0.003568283215911221,0.836729131551908,1.0,1.6045304280917396,0.26666666666666666,0.0,0.0,0.0,0.0,0.0,0.15789473668421053,0.10526315778947369,0.15789473668421053,0.10526315778947369,0.0,0.0,0.0,0.0,0.0,0.0,0.0,0.0,0.021052631557894736,0.0631578946736842,0.0,0.07368421045263157,0.05263157889473684,0.12631578934736842,0.13684210512631578
att,参考电平失准,衰减器,1.163604169897802,0.522826575068154,0.00383102302202587,0.0,0.1384,0.0,1.9861364639091544e-11,0.005244919546132784,1.3824135193327067,1.0,1.6992629014921543,0.28888888888888886,0.0,0.0,0.0,0.0,0.0,0.15789473668421053,0.1052631577894737,0.15789473668421053,0.1052631577894737,0.0,0.0,0.0,0.0,0.0,0.0,0.0,0.0,0.02105263155789474,0.06315789467368421,0.0,0.07368421045263157,0.052631578894736845,0.12631578934736842,0.13684210512631578
adc,normal,数字IF板,1.0402390081618922,-0.02818439838174366,0.03609544643061663,6695668.566856686,0.11,0.0,6.353869405746303e-13,4.445640470123726,0.8525808781137868,1.0,1.8737911934832179,0.28888888888888886,0.333333333,0.333333333,0.33333333299999995,0.06923076911094674,0.030769230715976332,0.11538461530029585,0.07692307686686391,0.11538461530029585,0.07692307686686391,0.0314102563558925,0.0314102563558925,0.013461538438239646,0.013461538438239646,0.008205128190927021,0.006153846143195264,0.016410256381854043,0.019230769197485204,0.019230769212869824,0.046153846120118344,0.015384615357988166,0.05384615380680474,0.038461538433431953,0.09230769224023669,0.11025641016558185
preamp,幅度失准,前置放大器,0.8503628416333281,-0.7533436296213567,-0.0036915372655442757,0.0,0.3559,0.0,-2.6037205776482778e-11,0.002505452281738545,0.8877255531171628,1.0,1.8007282422812894,0.28888888888888886,0.0,0.0,0.0,0.0,0.0,0.15789473668421053,0.10526315778947369,0.15789473668421053,0.10526315778947369,0.0,0.0,0.0,0.0,0.0,0.0,0.0,0.0,0.021052631557894743,0.06315789467368423,0.0,0.07368421045263158,0.052631578894736845,0.12631578934736845,0.1368421051263158
lo,频率失准,本振系统,0.9951075360452757,0.0031127671802266598,-0.04682334843815104,0.0,0.107,0.0,1.5230221479988642e-12,8.210277185659866,0.7475311228156982,1.0,1.7782227171621734,0.3111111111111111,0.0,0.0,0.0,0.0,0.0,0.15789473668421053,0.10526315778947369,0.15789473668421053,0.10526315778947369,0.0,0.0,0.0,0.0,0.0,0.0,0.0,0.0,0.021052631557894743,0.06315789467368423,0.0,0.07368421045263158,0.052631578894736845,0.12631578934736842,0.1368421051263158
rl,参考电平失准,衰减器,1.06346557150943,0.38845537725767565,0.0012081320710586319,0.0,0.1107,0.0,1.4201769952713793e-11,0.005160897873699945,1.2646825088423443,1.0,1.5725741241885625,0.26666666666666666,0.0,0.0,0.0,0.0,0.0,0.15789473668421056,0.1052631577894737,0.15789473668421056,0.1052631577894737,0.0,0.0,0.0,0.0,0.0,0.0,0.0,0.0,0.02105263155789474,0.0631578946736842,0.0,0.07368421045263158,0.052631578894736845,0.1263157893473684,0.1368421051263158
freq,频率失准,时钟系统,0.9782397723511574,0.01219628451156264,-0.09441796040667878,0.0,0.1068,0.0,4.269431219616317e-12,33.3942589050246,0.46918303580963294,1.0,2.60097710316571,0.3111111111111111,0.0,0.0,0.0,0.0,0.0,0.15789473668421056,0.1052631577894737,0.15789473668421056,0.1052631577894737,0.0,0.0,0.0,0.0,0.0,0.0,0.0,0.0,0.021052631557894743,0.06315789467368423,0.0,0.07368421045263158,0.05263157889473685,0.12631578934736842,0.13684210512631584
adc,normal,数字IF板,1.0452504258647866,-0.007826920221828773,0.04307925783088589,6695668.566856686,0.108,0.0,7.284848977017526e-13,6.3406719485858645,0.7766845782804922,1.0,1.8782668706453851,0.3111111111111111,0.333333333,0.333333333,0.333333333,0.06923076911094675,0.030769230715976335,0.11538461530029587,0.07692307686686391,0.11538461530029587,0.07692307686686391,0.0314102563558925,0.0314102563558925,0.013461538438239645,0.013461538438239645,0.008205128190927025,0.006153846143195268,0.01641025638185405,0.019230769197485207,0.019230769212869824,0.046153846120118344,0.015384615357988168,0.053846153806804735,0.038461538433431953,0.0923076922402367,0.11025641016558187
mixer,normal,低频段第一混频器,0.9981120693949013,0.0006221058149372534,2.8454265353854797e-05,0.0,0.2012,0.0,-1.2760683610853596e-13,0.03255677047706168,1.0014835513061633,1.0,1.7840661522674517,0.28888888888888886,0.0,0.0,0.0,0.0,0.0,0.15789473668421053,0.10526315778947369,0.15789473668421053,0.10526315778947369,0.0,0.0,0.0,0.0,0.0,0.0,0.0,0.0,0.021052631557894743,0.06315789467368421,0.0,0.07368421045263158,0.05263157889473685,0.12631578934736842,0.1368421051263158
rl,参考电平失准,衰减器,1.0042036128035292,0.1973085229038337,-0.0004323003505598555,0.0,0.1093,0.0,6.9035666621807635e-12,0.004050904935559041,1.0309924367185876,0.5,1.5934611350563297,0.26666666666666666,0.0,0.0,0.0,0.0,0.0,0.15789473668421053,0.10526315778947369,0.15789473668421053,0.10526315778947369,0.0,0.0,0.0,0.0,0.0,0.0,0.0,0.0,0.02105263155789474,0.06315789467368421,0.0,0.07368421045263157,0.052631578894736845,0.12631578934736842,0.13684210512631578
lo,频率失准,本振系统,0.9967768111953541,0.0015469615907856696,-0.058973441104652594,0.0,0.1055,0.0,2.0713711219520573e-12,13.043125062275225,0.7458157842326669,1.0,1.7619981698060312,0.3111111111111111,0.0,0.0,0.0,0.0,0.0,0.1578947366842105,0.10526315778947366,0.1578947366842105,0.10526315778947366,0.0,0.0,0.0,0.0,0.0,0.0,0.0,0.0,0.021052631557894733,0.0631578946736842,0.0,0.07368421045263157,0.05263157889473683,0.1263157893473684,0.13684210512631578
freq,频率失准,时钟系统,0.96407591315813,0.018947631851680274,-0.1278026754388487,0.0,0.1125,0.0,6.789849064723198e-12,61.408305862230634,0.23034316662582394,1.0,4.02846268009387,0.3111111111111111,0.0,0.0,0.0,0.0,0.0,0.15789473668421053,0.10526315778947369,0.15789473668421053,0.10526315778947369,0.0,0.0,0.0,0.0,0.0,0.0,0.0,0.0,0.02105263155789474,0.06315789467368421,0.0,0.07368421045263157,0.052631578894736845,0.12631578934736842,0.13684210512631578
adc,normal,数字IF板,1.0631533531654647,-0.0606789999234166,0.052881844137079505,6695668.566856686,0.1201,0.0,9.648742867888999e-13,9.462396223094883,0.8053825052758622,1.0,1.9254933561964789,0.3111111111111111,0.333333333,0.333333333,0.333333333,0.06923076911094675,0.03076923071597632,0.11538461530029584,0.0769230768668639,0.11538461530029584,0.0769230768668639,0.031410256355892494,0.031410256355892494,0.013461538438239643,0.013461538438239643,0.008205128190927023,0.006153846143195266,0.016410256381854046,0.0192307691974852,0.01923076921286982,0.04615384612011834,0.01538461535798816,0.05384615380680473,0.03846153843343195,0.09230769224023667,0.11025641016558184
freq,频率失准,时钟系统,0.9634939653054115,0.018151229759072192,-0.1286145040703525,0.0,0.111,0.0,6.892427687594425e-12,62.21123244525735,0.2403333239129266,1.0,4.079372506402688,0.3111111111111111,0.0,0.0,0.0,0.0,0.0,0.15789473668421053,0.10526315778947369,0.15789473668421053,0.10526315778947369,0.0,0.0,0.0,0.0,0.0,0.0,0.0,0.0,0.02105263155789474,0.06315789467368421,0.0,0.07368421045263157,0.052631578894736845,0.1263157893473684,0.1368421051263158
amp,幅度失准,校准系统,1.0915004932622452,0.36304204361696657,0.016229184523299967,0.0,0.2795,0.0,9.991150090767032e-13,0.701501834889134,0.9110938475300017,1.0,1.950146465735226,0.3333333333333333,0.0,0.0,0.0,0.0,0.0,0.15789473668421053,0.10526315778947369,0.15789473668421053,0.10526315778947369,0.0,0.0,0.0,0.0,0.0,0.0,0.0,0.0,0.02105263155789474,0.06315789467368423,0.0,0.07368421045263158,0.052631578894736845,0.12631578934736842,0.1368421051263158
adc,normal,数字IF板,1.07577772072827,-0.013434879874387283,0.07015320298237798,6695668.566856686,0.1085,0.0,1.308125810696587e-12,16.743043664993973,0.7866028385543464,1.0,1.9662678865435983,0.3111111111111111,0.333333333,0.333333333,0.33333333299999995,0.06923076911094674,0.030769230715976332,0.11538461530029585,0.07692307686686391,0.11538461530029585,0.07692307686686391,0.031410256355892494,0.031410256355892494,0.013461538438239643,0.013461538438239643,0.00820512819092702,0.006153846143195266,0.01641025638185404,0.019230769197485207,0.019230769212869824,0.046153846120118344,0.015384615357988166,0.053846153806804735,0.038461538433431953,0.09230769224023669,0.11025641016558185
preamp,幅度失准,前置放大器,0.9436432415377809,-0.28853693762801663,-0.0014274472339408928,0.0,0.1275,0.0,-9.923946500008403e-12,0.002469957348798398,0.8934899869324285,1.0,1.7945383689162637,0.28888888888888886,0.0,0.0,0.0,0.0,0.0,0.1578947366842105,0.10526315778947368,0.1578947366842105,0.10526315778947368,0.0,0.0,0.0,0.0,0.0,0.0,0.0,0.0,0.02105263155789474,0.06315789467368421,0.0,0.07368421045263158,0.052631578894736845,0.1263157893473684,0.13684210512631578
amp,幅度失准,校准系统,1.1185899081306996,0.24960256192688646,0.031105575155034787,6695668.566856686,0.2628,0.0,1.3227376298260283e-12,2.853425342334722,0.9034002295066574,1.0,2.0136035068781633,0.3333333333333333,0.333333333,0.333333333,0.33333333300000006,0.06923076911094676,0.030769230715976332,0.11538461530029585,0.07692307686686391,0.11538461530029585,0.07692307686686391,0.0314102563558925,0.0314102563558925,0.013461538438239643,0.013461538438239643,0.008205128190927025,0.006153846143195268,0.01641025638185405,0.019230769197485207,0.019230769212869828,0.04615384612011835,0.015384615357988166,0.05384615380680474,0.03846153843343196,0.0923076922402367,0.11025641016558188
ytf,normal,高频段YTF滤波器,0.9924480685001371,0.0013062574701809904,-0.0009152011459119791,0.0,0.1105,0.0,-1.0868576339473095e-12,0.004067449890062037,0.8546446550151142,1.0,1.7827318258766174,0.26666666666666666,0.0,0.0,0.0,0.0,0.0,0.15789473668421053,0.10526315778947369,0.15789473668421053,0.10526315778947369,0.0,0.0,0.0,0.0,0.0,0.0,0.0,0.0,0.021052631557894736,0.0631578946736842,0.0,0.07368421045263157,0.05263157889473684,0.1263157893473684,0.13684210512631578
vbw,normal,数字IF板,0.6958762889710864,0.16739564807065374,0.017232091827171336,0.0,0.1303,0.0,-1.2169522124652814e-13,2.5091116126826414,0.0,0.0,0.6986920301138897,0.2222222222222222,0.0,0.0,0.0,0.0,0.0,0.15789473668421053,0.10526315778947369,0.15789473668421053,0.10526315778947369,0.0,0.0,0.0,0.0,0.0,0.0,0.0,0.0,0.02105263155789474,0.06315789467368423,0.0,0.07368421045263158,0.052631578894736845,0.12631578934736845,0.1368421051263158
att,参考电平失准,衰减器,1.1874170046914196,0.21139946763761192,0.003696453719080839,0.0,0.115,0.0,1.7888743156725947e-11,0.004917996298618951,1.1206472680791515,1.0,1.7041843861964918,0.28888888888888886,0.0,0.0,0.0,0.0,0.0,0.15789473668421053,0.1052631577894737,0.15789473668421053,0.1052631577894737,0.0,0.0,0.0,0.0,0.0,0.0,0.0,0.0,0.02105263155789474,0.06315789467368423,0.0,0.0736842104526316,0.05263157889473685,0.12631578934736845,0.1368421051263158
adc,normal,数字IF板,1.0095913978595557,0.1227331758878147,0.041075210753594826,6695668.566856686,0.1758,0.0,3.643318987909299e-13,6.015843405823273,0.8377983688893307,1.0,1.8320121465037953,0.28888888888888886,0.333333333,0.333333333,0.333333333,0.06923076911094674,0.030769230715976325,0.11538461530029583,0.07692307686686391,0.11538461530029583,0.07692307686686391,0.031410256355892494,0.031410256355892494,0.013461538438239641,0.013461538438239641,0.008205128190927021,0.006153846143195265,0.016410256381854043,0.019230769197485204,0.01923076921286982,0.04615384612011833,0.015384615357988162,0.05384615380680472,0.03846153843343195,0.09230769224023666,0.11025641016558184
mixer,normal,低频段第一混频器,0.9990310759813684,0.0036016933330694943,-0.0001314193679508996,0.0,0.228,0.0,-4.894042178761639e-14,0.058997004770267265,0.731469645046605,1.0,1.8215003972659307,0.28888888888888886,0.0,0.0,0.0,0.0,0.0,0.15789473668421053,0.10526315778947369,0.15789473668421053,0.10526315778947369,0.0,0.0,0.0,0.0,0.0,0.0,0.0,0.0,0.021052631557894743,0.06315789467368421,0.0,0.07368421045263158,0.05263157889473685,0.12631578934736842,0.1368421051263158
freq,频率失准,时钟系统,0.9691750753993648,0.016222285422985167,-0.11469801533911,0.0,0.107,0.0,5.830758527007709e-12,49.3876002345415,0.30916027715007266,1.0,3.4458321057178174,0.3111111111111111,0.0,0.0,0.0,0.0,0.0,0.15789473668421053,0.1052631577894737,0.15789473668421053,0.1052631577894737,0.0,0.0,0.0,0.0,0.0,0.0,0.0,0.0,0.02105263155789474,0.06315789467368423,0.0,0.07368421045263158,0.05263157889473685,0.12631578934736845,0.1368421051263158
rl,参考电平失准,衰减器,1.0310816747112346,0.6358573984458639,0.001281382262386943,0.0,0.1392,0.0,1.5233447817286245e-11,0.00555353591290543,1.5253655212893984,0.5,1.575161008882308,0.28888888888888886,0.0,0.0,0.0,0.0,0.0,0.15789473668421053,0.10526315778947369,0.15789473668421053,0.10526315778947369,0.0,0.0,0.0,0.0,0.0,0.0,0.0,0.0,0.02105263155789474,0.06315789467368421,0.0,0.07368421045263158,0.052631578894736845,0.12631578934736845,0.1368421051263158
mixer,normal,低频段第一混频器,0.9924467419539252,0.005013024574544551,-9.708482263379083e-05,0.0,0.1919,0.0,-1.0413036154101739e-13,0.027571408939306933,0.9993495592248363,1.0,1.777918320154138,0.28888888888888886,0.0,0.0,0.0,0.0,0.0,0.15789473668421056,0.1052631577894737,0.15789473668421056,0.1052631577894737,0.0,0.0,0.0,0.0,0.0,0.0,0.0,0.0,0.02105263155789474,0.06315789467368423,0.0,0.07368421045263158,0.05263157889473685,0.12631578934736845,0.1368421051263158
vbw,normal,数字IF板,0.7641172375747646,0.12674984267896947,0.019038336762683766,0.0,0.1269,0.0,-2.006245610131005e-13,2.5033010129760624,0.0,0.0,1.0886546537703852,0.2,0.0,0.0,0.0,0.0,0.0,0.1578947366842105,0.10526315778947368,0.1578947366842105,0.10526315778947368,0.0,0.0,0.0,0.0,0.0,0.0,0.0,0.0,0.02105263155789474,0.06315789467368421,0.0,0.07368421045263158,0.052631578894736845,0.12631578934736842,0.1368421051263158
power,normal,电源模块,0.9988492659171522,-0.0010366271118294782,1.9743545438458197e-05,0.0,0.1572,0.0,1.2092098788466851e-13,0.01770477494511323,0.8493702126904483,1.0,1.786539134615084,0.3111111111111111,0.0,0.0,0.0,0.0,0.0,0.1578947366842105,0.10526315778947369,0.1578947366842105,0.10526315778947369,0.0,0.0,0.0,0.0,0.0,0.0,0.0,0.0,0.02105263155789474,0.06315789467368421,0.0,0.07368421045263157,0.052631578894736845,0.12631578934736842,0.1368421051263158
amp,幅度失准,校准系统,1.101821706398503,0.3641227085060689,0.02671623374121912,0.0,0.2802,0.0,1.1618145105795611e-12,2.1043868085568813,0.8993216007293987,1.0,1.9704740045539975,0.3333333333333333,0.0,0.0,0.0,0.0,0.0,0.15789473668421053,0.10526315778947368,0.15789473668421053,0.10526315778947368,0.0,0.0,0.0,0.0,0.0,0.0,0.0,0.0,0.02105263155789474,0.06315789467368421,0.0,0.07368421045263158,0.052631578894736845,0.12631578934736842,0.1368421051263158
att,参考电平失准,衰减器,1.1671814167563233,0.3416940023363669,0.0034778398784804376,0.0,0.1145,0.0,1.7609247451629088e-11,0.004639289494932444,1.281616620892727,1.0,1.7039171129098794,0.28888888888888886,0.0,0.0,0.0,0.0,0.0,0.15789473668421053,0.1052631577894737,0.15789473668421053,0.1052631577894737,0.0,0.0,0.0,0.0,0.0,0.0,0.0,0.0,0.02105263155789474,0.06315789467368421,0.0,0.07368421045263157,0.052631578894736845,0.12631578934736842,0.13684210512631578
normal,normal,none,0.9995664104128875,0.0008530433894287018,2.7008800679099868e-05,0.0,0.1098,0.0,-1.234546521651378e-14,0.0025015486852800685,0.9249651252428743,1.0,1.7826007835995819,0.28888888888888886,0.0,0.0,0.0,0.0,0.0,0.15789473668421053,0.10526315778947369,0.15789473668421053,0.10526315778947369,0.0,0.0,0.0,0.0,0.0,0.0,0.0,0.0,0.02105263155789474,0.06315789467368421,0.0,0.07368421045263158,0.052631578894736845,0.12631578934736842,0.13684210512631578
lo,频率失准,本振系统,0.9945434260500552,0.002190878658407212,-0.021878760544844167,0.0,0.1063,0.0,4.961540791395712e-13,1.7792783559786078,0.7867408033736996,1.0,1.7741584579803509,0.3111111111111111,0.0,0.0,0.0,0.0,0.0,0.15789473668421053,0.10526315778947369,0.15789473668421053,0.10526315778947369,0.0,0.0,0.0,0.0,0.0,0.0,0.0,0.0,0.021052631557894736,0.06315789467368421,0.0,0.07368421045263158,0.05263157889473684,0.12631578934736842,0.1368421051263158
mixer,normal,低频段第一混频器,0.99099992147075,0.008991940110243062,-0.00012904464531608706,0.0,0.2306,0.0,-4.036529856937251e-14,0.06438971067749459,0.8648742011581714,1.0,1.9038424458228604,0.35555555555555557,0.0,0.0,0.0,0.0,0.0,0.15789473668421053,0.10526315778947369,0.15789473668421053,0.10526315778947369,0.0,0.0,0.0,0.0,0.0,0.0,0.0,0.0,0.021052631557894743,0.06315789467368421,0.0,0.07368421045263158,0.05263157889473685,0.12631578934736842,0.1368421051263158
vbw,normal,数字IF板,0.7520032347991864,0.13454452242818515,0.018660536734327215,0.0,0.1274,0.0,-1.8569804399568381e-13,2.506268852610399,0.0,0.0,0.9833892040446506,0.17777777777777778,0.0,0.0,0.0,0.0,0.0,0.15789473668421053,0.10526315778947369,0.15789473668421053,0.10526315778947369,0.0,0.0,0.0,0.0,0.0,0.0,0.0,0.0,0.021052631557894736,0.06315789467368421,0.0,0.07368421045263158,0.05263157889473684,0.12631578934736842,0.1368421051263158
normal,normal,none,0.9994360268806982,0.0002206363575915946,5.436711647370475e-06,0.0,0.1091,0.0,-1.0623157134832923e-14,0.0024720509027631316,0.902937457881239,1.0,1.7737531265299245,0.28888888888888886,0.0,0.0,0.0,0.0,0.0,0.15789473668421053,0.10526315778947369,0.15789473668421053,0.10526315778947369,0.0,0.0,0.0,0.0,0.0,0.0,0.0,0.0,0.021052631557894743,0.06315789467368421,0.0,0.07368421045263158,0.05263157889473685,0.12631578934736842,0.1368421051263158
amp,幅度失准,校准系统,1.060876781408742,0.3373161195454855,0.011032022584565426,0.0,0.2744,0.0,6.986571960662718e-13,0.32802691791030003,0.9010657169454352,1.0,1.8964711491645077,0.28888888888888886,0.0,0.0,0.0,0.0,0.0,0.15789473668421053,0.10526315778947369,0.15789473668421053,0.10526315778947369,0.0,0.0,0.0,0.0,0.0,0.0,0.0,0.0,0.021052631557894743,0.06315789467368423,0.0,0.07368421045263158,0.052631578894736845,0.12631578934736845,0.1368421051263158
power,normal,电源模块,1.0006747093278572,0.00014945049118229221,-3.090285527298916e-05,0.0,0.1833,0.0,7.291935257336078e-14,0.03223262807367774,0.7885474273469297,0.5,1.794075257184253,0.3111111111111111,0.0,0.0,0.0,0.0,0.0,0.1578947366842105,0.10526315778947368,0.1578947366842105,0.10526315778947368,0.0,0.0,0.0,0.0,0.0,0.0,0.0,0.0,0.02105263155789474,0.0631578946736842,0.0,0.07368421045263157,0.052631578894736845,0.12631578934736842,0.13684210512631578
att,参考电平失准,衰减器,1.2014140580718038,0.7584085891276878,0.005123297900458179,0.0,0.2498,0.0,2.5686548830447328e-11,0.006907592019688113,1.6880246080817463,1.0,1.6993057397113822,0.28888888888888886,0.0,0.0,0.0,0.0,0.0,0.1578947366842105,0.10526315778947368,0.1578947366842105,0.10526315778947368,0.0,0.0,0.0,0.0,0.0,0.0,0.0,0.0,0.02105263155789474,0.06315789467368421,0.0,0.07368421045263158,0.052631578894736845,0.1263157893473684,0.13684210512631578
ytf,normal,高频段YTF滤波器,0.9920778254372097,0.0010835057845966789,-0.0017674134878596648,0.0,0.1151,0.0,-2.2713397526357413e-12,0.009268222569206747,0.8476489939758763,1.0,1.773911062775923,0.28888888888888886,0.0,0.0,0.0,0.0,0.0,0.15789473668421053,0.1052631577894737,0.15789473668421053,0.1052631577894737,0.0,0.0,0.0,0.0,0.0,0.0,0.0,0.0,0.021052631557894743,0.06315789467368421,0.0,0.07368421045263158,0.052631578894736845,0.12631578934736842,0.13684210512631578
normal,normal,none,1.000581977760583,-0.00012427150872868428,-1.4245792414500035e-06,0.0,0.1087,0.0,-2.945120552011687e-14,0.002460763510014616,0.8555848583487232,1.0,1.777047855302221,0.28888888888888886,0.0,0.0,0.0,0.0,0.0,0.15789473668421056,0.1052631577894737,0.15789473668421056,0.1052631577894737,0.0,0.0,0.0,0.0,0.0,0.0,0.0,0.0,0.02105263155789474,0.06315789467368421,0.0,0.07368421045263158,0.052631578894736845,0.12631578934736842,0.1368421051263158
freq,频率失准,时钟系统,0.995869655101641,0.003019898695917383,-0.03651962914785166,0.0,0.1053,0.0,1.1082739244998285e-12,4.981249141551815,0.748120110679921,1.0,1.788370086208799,0.3111111111111111,0.0,0.0,0.0,0.0,0.0,0.1578947366842105,0.10526315778947369,0.1578947366842105,0.10526315778947369,0.0,0.0,0.0,0.0,0.0,0.0,0.0,0.0,0.02105263155789474,0.06315789467368421,0.0,0.07368421045263157,0.052631578894736845,0.12631578934736842,0.13684210512631578
clock,频率失准,时钟系统,0.9560070436805613,0.02142006141115339,-0.1457328376098649,0.0,0.1091,0.0,8.451597940996345e-12,80.01078965561749,0.0,0.0,4.953596574381698,0.3111111111111111,0.0,0.0,0.0,0.0,0.0,0.15789473668421053,0.1052631577894737,0.15789473668421053,0.1052631577894737,0.0,0.0,0.0,0.0,0.0,0.0,0.0,0.0,0.021052631557894743,0.06315789467368421,0.0,0.07368421045263158,0.05263157889473685,0.12631578934736842,0.13684210512631578
lo,频率失准,本振系统,0.9978467388139103,0.00031957645909000117,-0.03598554857251817,0.0,0.1053,0.0,1.0912683841751244e-12,4.841739357494963,0.8019683297287615,1.0,1.7698571567735641,0.3111111111111111,0.0,0.0,0.0,0.0,0.0,0.15789473668421053,0.10526315778947369,0.15789473668421053,0.10526315778947369,0.0,0.0,0.0,0.0,0.0,0.0,0.0,0.0,0.021052631557894736,0.0631578946736842,0.0,0.07368421045263157,0.05263157889473684,0.12631578934736842,0.13684210512631578
mixer,normal,低频段第一混频器,1.0032341983845612,-0.0017230175360717361,-2.324524609405125e-06,0.0,0.2161,0.0,-4.491526718583947e-14,0.046188588249249825,0.8513218766623357,0.5,1.783162204037862,0.28888888888888886,0.0,0.0,0.0,0.0,0.0,0.15789473668421053,0.10526315778947369,0.15789473668421053,0.10526315778947369,0.0,0.0,0.0,0.0,0.0,0.0,0.0,0.0,0.021052631557894743,0.06315789467368421,0.0,0.07368421045263158,0.05263157889473685,0.12631578934736842,0.1368421051263158
lo,频率失准,本振系统,0.9930010823620982,0.0028416659616657446,-0.014776885340262825,0.0,0.1048,0.0,3.9358468856970165e-13,0.8105683446584921,0.7566245660264241,1.0,1.7667648512831868,0.3111111111111111,0.0,0.0,0.0,0.0,0.0,0.1578947366842105,0.10526315778947368,0.1578947366842105,0.10526315778947368,0.0,0.0,0.0,0.0,0.0,0.0,0.0,0.0,0.02105263155789474,0.06315789467368421,0.0,0.07368421045263158,0.052631578894736845,0.12631578934736842,0.1368421051263158
normal,normal,none,1.0001120350657382,-0.00032527261010992004,-7.219689655342017e-06,0.0,0.1094,0.0,8.650007677916393e-15,0.002451246205476183,0.8881218787260148,1.0,1.78150358525326,0.28888888888888886,0.0,0.0,0.0,0.0,0.0,0.15789473668421047,0.10526315778947366,0.15789473668421047,0.10526315778947366,0.0,0.0,0.0,0.0,0.0,0.0,0.0,0.0,0.02105263155789474,0.06315789467368421,0.0,0.07368421045263157,0.05263157889473684,0.12631578934736842,0.13684210512631578
rl,参考电平失准,衰减器,1.0191776316383303,0.6712917396433559,0.0011094419324980676,0.0,0.1458,0.0,1.47273728459376e-11,0.005484234501790833,1.599668916302046,0.5,1.586387255899977,0.26666666666666666,0.0,0.0,0.0,0.0,0.0,0.15789473668421053,0.10526315778947369,0.15789473668421053,0.10526315778947369,0.0,0.0,0.0,0.0,0.0,0.0,0.0,0.0,0.021052631557894736,0.06315789467368421,0.0,0.07368421045263158,0.052631578894736845,0.12631578934736842,0.13684210512631578
att,参考电平失准,衰减器,1.2403059520822575,1.184197944498381,0.0068235397462910186,0.0,0.5946,0.0,3.4136194967326183e-11,0.010710836923013565,2.10853566938464,1.0,1.7018148537829636,0.28888888888888886,0.0,0.0,0.0,0.0,0.0,0.1578947366842105,0.10526315778947369,0.1578947366842105,0.10526315778947369,0.0,0.0,0.0,0.0,0.0,0.0,0.0,0.0,0.02105263155789474,0.06315789467368421,0.0,0.07368421045263157,0.052631578894736845,0.12631578934736842,0.13684210512631578
clock,频率失准,时钟系统,0.9647122425693215,0.01717776264956869,-0.13033127405281078,0.0,0.1106,0.0,7.070614142027153e-12,63.90657981572838,0.26212725473219917,1.0,4.154304828703435,0.3111111111111111,0.0,0.0,0.0,0.0,0.0,0.1578947366842105,0.10526315778947369,0.1578947366842105,0.10526315778947369,0.0,0.0,0.0,0.0,0.0,0.0,0.0,0.0,0.02105263155789474,0.06315789467368421,0.0,0.07368421045263158,0.052631578894736845,0.12631578934736845,0.13684210512631578
lo,频率失准,本振系统,0.9945995557188156,0.003177098824215911,-0.02986415972751415,0.0,0.1075,0.0,7.995498632221445e-13,3.3212236625876153,0.7957270093374853,1.0,1.7774837999464361,0.3111111111111111,0.0,0.0,0.0,0.0,0.0,0.15789473668421056,0.1052631577894737,0.15789473668421056,0.1052631577894737,0.0,0.0,0.0,0.0,0.0,0.0,0.0,0.0,0.021052631557894743,0.06315789467368421,0.0,0.07368421045263158,0.05263157889473685,0.12631578934736842,0.1368421051263158
power,normal,电源模块,1.0014531216665072,0.0029073015735487837,-8.978687262661388e-05,0.0,0.1773,0.0,-7.992953279272542e-14,0.027149119630070096,0.7205058596060205,0.5,1.790116294071522,0.28888888888888886,0.0,0.0,0.0,0.0,0.0,0.15789473668421053,0.10526315778947369,0.15789473668421053,0.10526315778947369,0.0,0.0,0.0,0.0,0.0,0.0,0.0,0.0,0.021052631557894743,0.06315789467368421,0.0,0.07368421045263158,0.05263157889473685,0.12631578934736842,0.1368421051263158
adc,normal,数字IF板,1.023915626498678,-0.15319873068037326,0.03331185198779668,6695668.566856686,0.2083,0.0,4.569293946057543e-13,3.8612029666252465,0.7903231733060795,1.0,1.8418068377634125,0.28888888888888886,0.333333333,0.333333333,0.333333333,0.06923076911094674,0.03076923071597633,0.11538461530029584,0.0769230768668639,0.11538461530029584,0.0769230768668639,0.031410256355892494,0.031410256355892494,0.013461538438239643,0.013461538438239643,0.008205128190927021,0.006153846143195265,0.016410256381854043,0.019230769197485204,0.01923076921286982,0.046153846120118344,0.015384615357988164,0.053846153806804735,0.038461538433431953,0.09230769224023667,0.11025641016558184
preamp,幅度失准,前置放大器,0.8590864896346827,-0.7054888643491695,-0.003463394479523374,0.0,0.3195,0.0,-2.446670039567809e-11,0.0026149238748620325,0.8684209304214887,1.0,1.8049371802701377,0.28888888888888886,0.0,0.0,0.0,0.0,0.0,0.15789473668421053,0.10526315778947369,0.15789473668421053,0.10526315778947369,0.0,0.0,0.0,0.0,0.0,0.0,0.0,0.0,0.02105263155789474,0.06315789467368421,0.0,0.07368421045263158,0.052631578894736845,0.1263157893473684,0.1368421051263158
freq,频率失准,时钟系统,0.9986532355864871,-0.0003951085126780013,-0.01980338027534277,0.0,0.1051,0.0,5.121788103097576e-13,1.469757613913934,0.848903322835127,1.0,1.793875461668139,0.3111111111111111,0.0,0.0,0.0,0.0,0.0,0.15789473668421053,0.1052631577894737,0.15789473668421053,0.1052631577894737,0.0,0.0,0.0,0.0,0.0,0.0,0.0,0.0,0.02105263155789474,0.06315789467368423,0.0,0.07368421045263158,0.05263157889473685,0.12631578934736845,0.1368421051263158
amp,幅度失准,校准系统,1.1009042516668188,0.1073172157812059,0.025125117927839932,0.0,0.1813,0.0,1.1278750768396816e-12,1.843542783004832,0.8719952802555698,1.0,1.9722793141895294,0.3333333333333333,0.0,0.0,0.0,0.0,0.0,0.15789473668421053,0.1052631577894737,0.15789473668421053,0.1052631577894737,0.0,0.0,0.0,0.0,0.0,0.0,0.0,0.0,0.02105263155789474,0.06315789467368423,0.0,0.07368421045263158,0.05263157889473685,0.12631578934736845,0.1368421051263158
rl,参考电平失准,衰减器,1.0714596407832138,0.593760665272171,0.0018690377495471644,0.0,0.139,0.0,1.7618588609377794e-11,0.0061157397274631325,1.4758405024546852,1.0,1.5631226040842139,0.26666666666666666,0.0,0.0,0.0,0.0,0.0,0.15789473668421053,0.10526315778947369,0.15789473668421053,0.10526315778947369,0.0,0.0,0.0,0.0,0.0,0.0,0.0,0.0,0.021052631557894736,0.06315789467368421,0.0,0.07368421045263158,0.05263157889473684,0.12631578934736842,0.1368421051263158
vbw,normal,数字IF板,0.7232457047421793,0.1520842737547091,0.01790513444440392,0.0,0.1291,0.0,-8.858973377708129e-14,2.5084778249270245,0.0,0.0,0.8302014568579349,0.2222222222222222,0.0,0.0,0.0,0.0,0.0,0.15789473668421053,0.10526315778947369,0.15789473668421053,0.10526315778947369,0.0,0.0,0.0,0.0,0.0,0.0,0.0,0.0,0.021052631557894743,0.06315789467368423,0.0,0.0736842104526316,0.05263157889473685,0.12631578934736842,0.1368421051263158
att,参考电平失准,衰减器,1.1829608373682292,0.6549596628670965,0.004530889618507006,0.0,0.1903,0.0,2.3050347840397525e-11,0.0059740369795959775,1.6062398408300589,1.0,1.7024195669478286,0.28888888888888886,0.0,0.0,0.0,0.0,0.0,0.15789473668421053,0.10526315778947369,0.15789473668421053,0.10526315778947369,0.0,0.0,0.0,0.0,0.0,0.0,0.0,0.0,0.02105263155789474,0.06315789467368421,0.0,0.07368421045263157,0.052631578894736845,0.12631578934736845,0.1368421051263158
preamp,幅度失准,前置放大器,0.9140244560160913,-0.4325924450441106,-0.0021776767791323315,0.0,0.1611,0.0,-1.4978071117060016e-11,0.0025374633185303946,0.8545429016040631,1.0,1.7959166211351971,0.28888888888888886,0.0,0.0,0.0,0.0,0.0,0.1578947366842105,0.10526315778947369,0.1578947366842105,0.10526315778947369,0.0,0.0,0.0,0.0,0.0,0.0,0.0,0.0,0.021052631557894736,0.06315789467368421,0.0,0.07368421045263157,0.05263157889473684,0.12631578934736845,0.13684210512631578
lpf,normal,低频段LPF,0.8993177607288427,0.0024615495766073217,-0.002534929140115143,0.0,0.1077,0.0,-1.0653189055376078e-12,0.0035485880477468465,0.717886300255445,1.0,1.6010314042172653,0.26666666666666666,0.0,0.0,0.0,0.0,0.0,0.15789473668421053,0.10526315778947369,0.15789473668421053,0.10526315778947369,0.0,0.0,0.0,0.0,0.0,0.0,0.0,0.0,0.02105263155789474,0.06315789467368421,0.0,0.07368421045263157,0.052631578894736845,0.12631578934736842,0.13684210512631578
amp,幅度失准,校准系统,1.0396714722942446,0.37711401849442616,0.00350012514881487,0.0,0.2789,0.0,4.1136103631237924e-13,0.025072022435160015,0.982935331457591,1.0,1.8536296060458162,0.28888888888888886,0.0,0.0,0.0,0.0,0.0,0.15789473668421053,0.10526315778947369,0.15789473668421053,0.10526315778947369,0.0,0.0,0.0,0.0,0.0,0.0,0.0,0.0,0.021052631557894743,0.06315789467368421,0.0,0.07368421045263157,0.052631578894736845,0.12631578934736845,0.1368421051263158
power,normal,电源模块,1.0020224511952502,0.0023748945722476193,0.00019338930040850924,0.0,0.2187,0.0,-4.541808105279826e-14,0.08417782174926365,0.6515710284834885,0.5,1.8102330836127265,0.3333333333333333,0.0,0.0,0.0,0.0,0.0,0.15789473668421053,0.10526315778947369,0.15789473668421053,0.10526315778947369,0.0,0.0,0.0,0.0,0.0,0.0,0.0,0.0,0.021052631557894743,0.06315789467368421,0.0,0.07368421045263158,0.05263157889473685,0.12631578934736842,0.1368421051263158
power,normal,电源模块,0.9996775511410372,-0.003039058253798389,-5.4266846884546294e-05,0.0,0.1649,0.0,-9.639748071534178e-14,0.01998006829259583,0.888461067091486,1.0,1.7900538874263143,0.28888888888888886,0.0,0.0,0.0,0.0,0.0,0.15789473668421056,0.1052631577894737,0.15789473668421056,0.1052631577894737,0.0,0.0,0.0,0.0,0.0,0.0,0.0,0.0,0.021052631557894743,0.06315789467368423,0.0,0.0736842104526316,0.05263157889473685,0.12631578934736842,0.1368421051263158
preamp,幅度失准,前置放大器,0.8490956385782157,-0.7586790456764677,-0.003731591704970838,0.0,0.3604,0.0,-2.619910457256585e-11,0.0025863883349199917,0.8945417001015401,1.0,1.8222220234319386,0.28888888888888886,0.0,0.0,0.0,0.0,0.0,0.1578947366842105,0.10526315778947368,0.1578947366842105,0.10526315778947368,0.0,0.0,0.0,0.0,0.0,0.0,0.0,0.0,0.02105263155789474,0.06315789467368421,0.0,0.07368421045263158,0.052631578894736845,0.1263157893473684,0.13684210512631578
clock,频率失准,时钟系统,0.9964374794501416,0.001029658302798204,-0.03389005287921993,0.0,0.1058,0.0,1.0161357900356316e-12,4.288776018588314,0.8510019478636018,1.0,1.7917572575668124,0.3111111111111111,0.0,0.0,0.0,0.0,0.0,0.1578947366842105,0.10526315778947369,0.1578947366842105,0.10526315778947369,0.0,0.0,0.0,0.0,0.0,0.0,0.0,0.0,0.02105263155789474,0.06315789467368421,0.0,0.07368421045263157,0.052631578894736845,0.12631578934736842,0.13684210512631578
normal,normal,none,0.9997714773485832,0.00028694873481563106,-2.148446896965716e-05,0.0,0.1093,0.0,2.5827559840786106e-14,0.002501513229710193,0.9449373043802615,1.0,1.773838970693623,0.28888888888888886,0.0,0.0,0.0,0.0,0.0,0.15789473668421056,0.1052631577894737,0.15789473668421056,0.1052631577894737,0.0,0.0,0.0,0.0,0.0,0.0,0.0,0.0,0.021052631557894743,0.06315789467368421,0.0,0.07368421045263158,0.05263157889473685,0.12631578934736845,0.1368421051263158
att,参考电平失准,衰减器,1.176845547106587,0.7290403485659226,0.004628099051458667,0.0,0.2188,0.0,2.3684447929354347e-11,0.00636450708684912,1.666891054016122,1.0,1.7103537380022278,0.28888888888888886,0.0,0.0,0.0,0.0,0.0,0.15789473668421053,0.10526315778947369,0.15789473668421053,0.10526315778947369,0.0,0.0,0.0,0.0,0.0,0.0,0.0,0.0,0.02105263155789474,0.06315789467368423,0.0,0.07368421045263158,0.05263157889473685,0.12631578934736842,0.1368421051263158
preamp,幅度失准,前置放大器,0.9324363733398583,-0.33749967924734375,-0.0017063189146516722,0.0,0.1347,0.0,-1.166515679543168e-11,0.0024943285067357272,0.8566863197313357,1.0,1.7986690765019935,0.28888888888888886,0.0,0.0,0.0,0.0,0.0,0.1578947366842105,0.10526315778947368,0.1578947366842105,0.10526315778947368,0.0,0.0,0.0,0.0,0.0,0.0,0.0,0.0,0.02105263155789474,0.0631578946736842,0.0,0.07368421045263157,0.05263157889473684,0.12631578934736842,0.13684210512631578
freq,频率失准,时钟系统,0.976742812342937,0.012438650138888601,-0.09902204003664576,0.0,0.1102,0.0,4.547039767515594e-12,36.76318178946556,0.46121675044038496,0.5,2.7741119975486885,0.3111111111111111,0.0,0.0,0.0,0.0,0.0,0.15789473668421053,0.1052631577894737,0.15789473668421053,0.1052631577894737,0.0,0.0,0.0,0.0,0.0,0.0,0.0,0.0,0.021052631557894743,0.06315789467368421,0.0,0.07368421045263158,0.05263157889473685,0.12631578934736842,0.13684210512631578
lpf,normal,低频段LPF,0.9001380511637344,0.0022657009923440783,-0.0025456728198760756,0.0,0.1078,0.0,-1.064285283395473e-12,0.003529964100304189,0.727655198085515,1.0,1.59900383422392,0.26666666666666666,0.0,0.0,0.0,0.0,0.0,0.1578947366842105,0.10526315778947369,0.1578947366842105,0.10526315778947369,0.0,0.0,0.0,0.0,0.0,0.0,0.0,0.0,0.02105263155789474,0.06315789467368421,0.0,0.07368421045263157,0.052631578894736845,0.12631578934736845,0.13684210512631578
att,参考电平失准,衰减器,1.1419635464365867,0.9811875693025724,0.004693233110070083,0.0,0.3507,0.0,2.4834470473530804e-11,0.007321951574417608,1.944028466111628,1.0,1.7095245511223953,0.28888888888888886,0.0,0.0,0.0,0.0,0.0,0.15789473668421053,0.10526315778947369,0.15789473668421053,0.10526315778947369,0.0,0.0,0.0,0.0,0.0,0.0,0.0,0.0,0.02105263155789474,0.06315789467368421,0.0,0.07368421045263157,0.052631578894736845,0.12631578934736842,0.13684210512631578
amp,幅度失准,校准系统,1.0697151448621762,0.3510481868395857,0.01080632035776119,0.0,0.2778,0.0,7.555478437595621e-13,0.298693073916461,0.9714088182187571,1.0,1.9107608933437734,0.28888888888888886,0.0,0.0,0.0,0.0,0.0,0.15789473668421053,0.10526315778947369,0.15789473668421053,0.10526315778947369,0.0,0.0,0.0,0.0,0.0,0.0,0.0,0.0,0.02105263155789474,0.06315789467368421,0.0,0.07368421045263158,0.052631578894736845,0.12631578934736842,0.1368421051263158
rl,参考电平失准,衰减器,1.0284469608104105,0.5556740240899327,0.0009968926658979749,0.0,0.1246,0.0,1.3903174742852378e-11,0.005280488591316291,1.4642326606220173,0.5,1.5829272071531975,0.26666666666666666,0.0,0.0,0.0,0.0,0.0,0.15789473668421053,0.1052631577894737,0.15789473668421053,0.1052631577894737,0.0,0.0,0.0,0.0,0.0,0.0,0.0,0.0,0.021052631557894743,0.06315789467368421,0.0,0.07368421045263158,0.052631578894736845,0.12631578934736842,0.13684210512631578
mixer,normal,低频段第一混频器,0.9901378667131718,0.010914181399644606,-0.00042938993130273335,0.0,0.2512,0.0,-1.0146059564264241e-13,0.11386653153151279,0.8587260974246551,0.5,1.6725908751607985,0.4444444444444444,0.0,0.0,0.0,0.0,0.0,0.15789473668421053,0.10526315778947369,0.15789473668421053,0.10526315778947369,0.0,0.0,0.0,0.0,0.0,0.0,0.0,0.0,0.021052631557894743,0.06315789467368421,0.0,0.07368421045263158,0.05263157889473685,0.12631578934736842,0.1368421051263158
normal,normal,none,1.0001229860956187,0.0012773527322534988,3.3696630298670296e-05,0.0,0.1087,0.0,1.9425287770104837e-14,0.0024763200780359663,0.8720446947573084,1.0,1.7774317546914322,0.28888888888888886,0.0,0.0,0.0,0.0,0.0,0.15789473668421053,0.10526315778947368,0.15789473668421053,0.10526315778947368,0.0,0.0,0.0,0.0,0.0,0.0,0.0,0.0,0.02105263155789474,0.06315789467368423,0.0,0.07368421045263158,0.052631578894736845,0.12631578934736842,0.13684210512631578
amp,幅度失准,校准系统,1.0822595423640324,0.4563319977837861,0.02238041483430281,0.0,0.2907,0.0,9.710184380831433e-13,1.4924968898398232,0.9239677407584186,1.0,1.9399996580237155,0.3111111111111111,0.0,0.0,0.0,0.0,0.0,0.15789473668421053,0.1052631577894737,0.15789473668421053,0.1052631577894737,0.0,0.0,0.0,0.0,0.0,0.0,0.0,0.0,0.02105263155789474,0.06315789467368423,0.0,0.07368421045263158,0.05263157889473685,0.12631578934736845,0.1368421051263158
rl,参考电平失准,衰减器,1.065542208208248,0.0911450001311666,0.0006463941098738268,0.0,0.1093,0.0,1.0906247223211694e-11,0.004957695750342851,0.9579661731390953,1.0,1.563688597538027,0.26666666666666666,0.0,0.0,0.0,0.0,0.0,0.15789473668421053,0.1052631577894737,0.15789473668421053,0.1052631577894737,0.0,0.0,0.0,0.0,0.0,0.0,0.0,0.0,0.02105263155789474,0.06315789467368421,0.0,0.07368421045263158,0.052631578894736845,0.12631578934736845,0.1368421051263158
normal,normal,none,1.000375950439353,0.00010342722491715387,-1.4350041979940598e-05,0.0,0.1078,0.0,2.505265128855782e-15,0.0024461802076729696,0.8048439569902309,1.0,1.7816808327225973,0.28888888888888886,0.0,0.0,0.0,0.0,0.0,0.15789473668421053,0.10526315778947369,0.15789473668421053,0.10526315778947369,0.0,0.0,0.0,0.0,0.0,0.0,0.0,0.0,0.02105263155789474,0.06315789467368421,0.0,0.07368421045263157,0.052631578894736845,0.1263157893473684,0.13684210512631578
amp,幅度失准,校准系统,1.1147718746675075,0.18484569656288471,0.02905258489139606,6695668.566856686,0.2409,0.0,1.340282554386681e-12,2.4673259073306566,0.888531136371426,1.0,2.007109596430895,0.3111111111111111,0.333333333,0.333333333,0.33333333299999995,0.06923076911094675,0.03076923071597633,0.11538461530029584,0.07692307686686391,0.11538461530029584,0.07692307686686391,0.0314102563558925,0.0314102563558925,0.013461538438239643,0.013461538438239643,0.008205128190927021,0.006153846143195266,0.016410256381854043,0.019230769197485204,0.01923076921286982,0.04615384612011833,0.015384615357988164,0.05384615380680473,0.03846153843343195,0.09230769224023667,0.11025641016558184
rl,参考电平失准,衰减器,1.0715576105618239,0.48526913917264064,0.0016171247593779747,0.0,0.1195,0.0,1.608046674556827e-11,0.0056442008501650055,1.4132400651520358,1.0,1.56657172354542,0.26666666666666666,0.0,0.0,0.0,0.0,0.0,0.15789473668421053,0.10526315778947369,0.15789473668421053,0.10526315778947369,0.0,0.0,0.0,0.0,0.0,0.0,0.0,0.0,0.021052631557894736,0.06315789467368421,0.0,0.07368421045263157,0.05263157889473684,0.12631578934736842,0.13684210512631578
att,参考电平失准,衰减器,1.217996739282761,0.3301919413018448,0.004440794587940555,0.0,0.1244,0.0,2.0971303854507628e-11,0.005562040552078215,1.1920169910768443,1.0,1.7028946575131825,0.28888888888888886,0.0,0.0,0.0,0.0,0.0,0.1578947366842105,0.10526315778947369,0.1578947366842105,0.10526315778947369,0.0,0.0,0.0,0.0,0.0,0.0,0.0,0.0,0.02105263155789474,0.06315789467368421,0.0,0.07368421045263157,0.052631578894736845,0.12631578934736842,0.13684210512631578
att,参考电平失准,衰减器,1.2265264915124219,0.6973123014669836,0.005439229210593144,0.0,0.2418,0.0,2.644473504398818e-11,0.007119305972040307,1.674127103436443,1.0,1.6987975044791885,0.28888888888888886,0.0,0.0,0.0,0.0,0.0,0.15789473668421053,0.10526315778947369,0.15789473668421053,0.10526315778947369,0.0,0.0,0.0,0.0,0.0,0.0,0.0,0.0,0.02105263155789474,0.06315789467368421,0.0,0.07368421045263157,0.052631578894736845,0.12631578934736842,0.13684210512631578
lo,频率失准,本振系统,0.9945369389497882,0.0028510783310220188,-0.03650645605370516,0.0,0.1051,0.0,1.0888152987505163e-12,4.9769314150770505,0.7909631672502888,1.0,1.777812834124619,0.3111111111111111,0.0,0.0,0.0,0.0,0.0,0.15789473668421053,0.10526315778947368,0.15789473668421053,0.10526315778947368,0.0,0.0,0.0,0.0,0.0,0.0,0.0,0.0,0.02105263155789474,0.06315789467368421,0.0,0.07368421045263157,0.052631578894736845,0.1263157893473684,0.13684210512631578
normal,normal,none,0.9995282953815355,-0.0005415535800650464,-1.4881659828217464e-05,0.0,0.1091,0.0,1.9792528995851197e-14,0.0024693144289596254,0.8725813417941117,1.0,1.7730408789204761,0.28888888888888886,0.0,0.0,0.0,0.0,0.0,0.15789473668421053,0.10526315778947369,0.15789473668421053,0.10526315778947369,0.0,0.0,0.0,0.0,0.0,0.0,0.0,0.0,0.02105263155789474,0.06315789467368421,0.0,0.07368421045263157,0.052631578894736845,0.1263157893473684,0.13684210512631578
rl,参考电平失准,衰减器,1.1015289290944017,0.11453501520333724,0.0013916358691675734,0.0,0.1094,0.0,1.4069003828221622e-11,0.005732111207684521,1.007158766935414,1.0,1.547238363809448,0.28888888888888886,0.0,0.0,0.0,0.0,0.0,0.15789473668421056,0.1052631577894737,0.15789473668421056,0.1052631577894737,0.0,0.0,0.0,0.0,0.0,0.0,0.0,0.0,0.02105263155789474,0.06315789467368423,0.0,0.07368421045263158,0.05263157889473685,0.12631578934736845,0.1368421051263158
normal,normal,none,1.0002814584932391,0.0007459689134835467,-4.689913757824609e-05,0.0,0.109,0.0,-7.305774822913758e-15,0.002427155873927348,0.9184385784106192,1.0,1.7851733253512152,0.28888888888888886,0.0,0.0,0.0,0.0,0.0,0.1578947366842105,0.10526315778947366,0.1578947366842105,0.10526315778947366,0.0,0.0,0.0,0.0,0.0,0.0,0.0,0.0,0.021052631557894736,0.0631578946736842,0.0,0.07368421045263156,0.05263157889473683,0.1263157893473684,0.13684210512631578
freq,频率失准,时钟系统,0.9798418082260921,0.009434931824860035,-0.08643105163155337,0.0,0.106,0.0,3.7376419818207445e-12,27.954013403743478,0.5521580544230361,1.0,2.295438162516847,0.3111111111111111,0.0,0.0,0.0,0.0,0.0,0.1578947366842105,0.10526315778947368,0.1578947366842105,0.10526315778947368,0.0,0.0,0.0,0.0,0.0,0.0,0.0,0.0,0.02105263155789474,0.06315789467368421,0.0,0.07368421045263157,0.052631578894736845,0.12631578934736842,0.13684210512631578
amp,幅度失准,校准系统,1.1234047771054172,0.2642253401699454,0.03441300550915988,6695668.566856686,0.2664,0.0,1.4605433549217433e-12,3.533902574687138,0.8612057257489958,1.0,2.021979253345872,0.3333333333333333,0.333333333,0.333333333,0.333333333,0.06923076911094675,0.03076923071597634,0.11538461530029587,0.07692307686686392,0.11538461530029587,0.07692307686686392,0.03141025635589251,0.03141025635589251,0.013461538438239646,0.013461538438239646,0.008205128190927023,0.0061538461431952666,0.016410256381854046,0.01923076919748521,0.019230769212869828,0.04615384612011835,0.01538461535798817,0.053846153806804735,0.03846153843343196,0.09230769224023669,0.11025641016558187
clock,频率失准,时钟系统,0.9506077231080255,0.02365845129328668,-0.15774363262045352,0.0,0.1102,0.0,9.778774747457253e-12,93.9179700640421,0.0,0.0,5.637684950938796,0.3111111111111111,0.0,0.0,0.0,0.0,0.0,0.1578947366842105,0.10526315778947369,0.1578947366842105,0.10526315778947369,0.0,0.0,0.0,0.0,0.0,0.0,0.0,0.0,0.021052631557894743,0.06315789467368423,0.0,0.07368421045263158,0.05263157889473685,0.12631578934736845,0.1368421051263158
att,参考电平失准,衰减器,1.1555770441376298,0.7772375202025685,0.004430937026189352,0.0,0.2231,0.0,2.2947351633598388e-11,0.006222600821348844,1.7187531479505322,1.0,1.6997591793841533,0.28888888888888886,0.0,0.0,0.0,0.0,0.0,0.15789473668421053,0.1052631577894737,0.15789473668421053,0.1052631577894737,0.0,0.0,0.0,0.0,0.0,0.0,0.0,0.0,0.02105263155789474,0.06315789467368423,0.0,0.07368421045263158,0.05263157889473685,0.12631578934736845,0.1368421051263158
lpf,normal,低频段LPF,0.8999351974350228,0.0018391832674200402,-0.0025678170006571597,0.0,0.1099,0.0,-1.0816635786429344e-12,0.0035244530858827665,0.802695978341206,0.5,1.6040515646121214,0.26666666666666666,0.0,0.0,0.0,0.0,0.0,0.1578947366842105,0.10526315778947369,0.1578947366842105,0.10526315778947369,0.0,0.0,0.0,0.0,0.0,0.0,0.0,0.0,0.02105263155789474,0.06315789467368421,0.0,0.07368421045263158,0.052631578894736845,0.12631578934736842,0.13684210512631578
power,normal,电源模块,0.999504830796244,0.0005506277605087204,0.00011161504948578371,0.0,0.1865,0.0,-2.1500711306197138e-14,0.034730854855357554,0.8376593522200547,0.5,1.8097263763472804,0.3111111111111111,0.0,0.0,0.0,0.0,0.0,0.1578947366842105,0.10526315778947369,0.1578947366842105,0.10526315778947369,0.0,0.0,0.0,0.0,0.0,0.0,0.0,0.0,0.02105263155789474,0.06315789467368421,0.0,0.07368421045263158,0.052631578894736845,0.12631578934736842,0.13684210512631578
normal,normal,none,1.000286397297506,-0.0012093386201061933,-2.153997038172907e-06,0.0,0.1103,0.0,-1.5511730988581441e-15,0.0025008379369190733,0.8777076500989875,1.0,1.773417617612316,0.28888888888888886,0.0,0.0,0.0,0.0,0.0,0.15789473668421053,0.1052631577894737,0.15789473668421053,0.1052631577894737,0.0,0.0,0.0,0.0,0.0,0.0,0.0,0.0,0.02105263155789474,0.06315789467368423,0.0,0.0736842104526316,0.05263157889473685,0.12631578934736845,0.1368421051263158
normal,normal,none,0.9998858896129971,1.1896582812554674e-05,4.574749460464365e-05,0.0,0.1093,0.0,-3.1301422054268764e-14,0.002511725765705794,0.8764291122506482,1.0,1.787700224707559,0.28888888888888886,0.0,0.0,0.0,0.0,0.0,0.15789473668421053,0.10526315778947369,0.15789473668421053,0.10526315778947369,0.0,0.0,0.0,0.0,0.0,0.0,0.0,0.0,0.02105263155789474,0.06315789467368421,0.0,0.07368421045263157,0.052631578894736845,0.1263157893473684,0.13684210512631578
power,normal,电源模块,1.0011588741171784,-0.001362848902040273,0.0001358030564831414,0.0,0.1763,0.0,8.829037170382677e-14,0.02726174228227885,1.0029313023549984,1.0,1.7925387417606873,0.28888888888888886,0.0,0.0,0.0,0.0,0.0,0.15789473668421056,0.1052631577894737,0.15789473668421056,0.1052631577894737,0.0,0.0,0.0,0.0,0.0,0.0,0.0,0.0,0.021052631557894743,0.06315789467368421,0.0,0.07368421045263158,0.05263157889473685,0.12631578934736842,0.1368421051263158
preamp,幅度失准,前置放大器,0.9446143169458239,-0.2838620874495426,-0.0013743298685335859,0.0,0.1259,0.0,-9.774442712643685e-12,0.002497328736340667,0.8858037986028644,1.0,1.7861187246976764,0.28888888888888886,0.0,0.0,0.0,0.0,0.0,0.15789473668421053,0.1052631577894737,0.15789473668421053,0.1052631577894737,0.0,0.0,0.0,0.0,0.0,0.0,0.0,0.0,0.021052631557894743,0.06315789467368421,0.0,0.07368421045263158,0.052631578894736845,0.12631578934736842,0.13684210512631578
freq,频率失准,时钟系统,0.9680675807468261,0.017154070204091394,-0.11998176667727851,0.0,0.1075,0.0,6.204124820067169e-12,54.08513203330253,0.38811996358249384,1.0,3.6769877668041264,0.3111111111111111,0.0,0.0,0.0,0.0,0.0,0.1578947366842105,0.10526315778947369,0.1578947366842105,0.10526315778947369,0.0,0.0,0.0,0.0,0.0,0.0,0.0,0.0,0.02105263155789474,0.06315789467368421,0.0,0.07368421045263157,0.052631578894736845,0.12631578934736842,0.13684210512631578
preamp,幅度失准,前置放大器,0.9550097177192329,-0.22992281763016378,-0.001179109291475966,0.0,0.1207,0.0,-7.925822588190456e-12,0.0024490627477731356,0.8642289544177552,1.0,1.7915169423187933,0.28888888888888886,0.0,0.0,0.0,0.0,0.0,0.15789473668421053,0.1052631577894737,0.15789473668421053,0.1052631577894737,0.0,0.0,0.0,0.0,0.0,0.0,0.0,0.0,0.021052631557894743,0.06315789467368423,0.0,0.07368421045263158,0.05263157889473685,0.12631578934736842,0.1368421051263158
normal,normal,none,1.000530786926494,-8.559416446772826e-05,2.2761668859725467e-05,0.0,0.1099,0.0,2.411530870417258e-14,0.002560464674988073,0.8750487170241926,1.0,1.7845267342187192,0.28888888888888886,0.0,0.0,0.0,0.0,0.0,0.1578947366842105,0.10526315778947368,0.1578947366842105,0.10526315778947368,0.0,0.0,0.0,0.0,0.0,0.0,0.0,0.0,0.021052631557894736,0.06315789467368421,0.0,0.07368421045263157,0.052631578894736845,0.12631578934736842,0.13684210512631578
preamp,幅度失准,前置放大器,0.9210000734550612,-0.4053761393439512,-0.0019757431157328975,0.0,0.1527,0.0,-1.396759729157333e-11,0.002488959634604211,0.8516445961203822,1.0,1.8018414697463818,0.28888888888888886,0.0,0.0,0.0,0.0,0.0,0.15789473668421053,0.10526315778947369,0.15789473668421053,0.10526315778947369,0.0,0.0,0.0,0.0,0.0,0.0,0.0,0.0,0.02105263155789474,0.06315789467368421,0.0,0.07368421045263157,0.052631578894736845,0.12631578934736845,0.1368421051263158
mixer,normal,低频段第一混频器,0.9987713534983857,0.0034407239358733442,-0.00010956427265712337,0.0,0.2571,0.0,-1.0959035600992048e-13,0.15405540829516967,0.7402936325996957,1.0,1.7783409256425229,0.26666666666666666,0.0,0.0,0.0,0.0,0.0,0.15789473668421053,0.10526315778947369,0.15789473668421053,0.10526315778947369,0.0,0.0,0.0,0.0,0.0,0.0,0.0,0.0,0.021052631557894743,0.06315789467368421,0.0,0.07368421045263158,0.05263157889473685,0.12631578934736842,0.1368421051263158
clock,频率失准,时钟系统,0.9761383963876784,0.012289693131055456,-0.09663733731157931,0.0,0.1074,0.0,4.352274093597769e-12,34.98265815486819,0.4622594001556611,1.0,2.669814500641059,0.3111111111111111,0.0,0.0,0.0,0.0,0.0,0.15789473668421053,0.1052631577894737,0.15789473668421053,0.1052631577894737,0.0,0.0,0.0,0.0,0.0,0.0,0.0,0.0,0.02105263155789474,0.06315789467368421,0.0,0.07368421045263158,0.052631578894736845,0.12631578934736842,0.13684210512631578
rl,参考电平失准,衰减器,1.0571779512153068,0.3388970789669882,0.0010013373753982036,0.0,0.1092,0.0,1.3097575429393772e-11,0.005045982159426087,1.2257005273604213,1.0,1.5697747039149752,0.28888888888888886,0.0,0.0,0.0,0.0,0.0,0.15789473668421056,0.1052631577894737,0.15789473668421056,0.1052631577894737,0.0,0.0,0.0,0.0,0.0,0.0,0.0,0.0,0.021052631557894743,0.06315789467368421,0.0,0.0736842104526316,0.05263157889473685,0.1263157893473684,0.1368421051263158
normal,normal,none,1.0000426651312373,-0.000686281307276253,-8.761930780622424e-06,0.0,0.1083,0.0,-4.566629497654128e-15,0.0025313794894544182,0.8810395027668199,1.0,1.7819599739589447,0.28888888888888886,0.0,0.0,0.0,0.0,0.0,0.15789473668421053,0.10526315778947369,0.15789473668421053,0.10526315778947369,0.0,0.0,0.0,0.0,0.0,0.0,0.0,0.0,0.021052631557894743,0.06315789467368423,0.0,0.07368421045263158,0.052631578894736845,0.12631578934736842,0.1368421051263158
amp,幅度失准,校准系统,1.1022116760428184,0.20799003527996454,0.03958023508907654,6695668.566856686,0.2489,0.0,1.28671027826166e-12,4.93924237879832,0.8126986461174266,1.0,1.9778956650745818,0.3111111111111111,0.333333333,0.333333333,0.333333333,0.06923076911094675,0.03076923071597633,0.11538461530029584,0.07692307686686391,0.11538461530029584,0.07692307686686391,0.03141025635589251,0.03141025635589251,0.013461538438239645,0.013461538438239645,0.008205128190927023,0.0061538461431952666,0.016410256381854046,0.019230769197485204,0.019230769212869824,0.046153846120118344,0.015384615357988164,0.053846153806804735,0.038461538433431953,0.09230769224023667,0.11025641016558185
normal,normal,none,1.0000244879838944,0.00015575864000684923,-3.0469172295704704e-05,0.0,0.1081,0.0,-8.42817964217924e-15,0.002463679885661285,0.9346135477310652,1.0,1.7846480220100096,0.28888888888888886,0.0,0.0,0.0,0.0,0.0,0.1578947366842105,0.10526315778947368,0.1578947366842105,0.10526315778947368,0.0,0.0,0.0,0.0,0.0,0.0,0.0,0.0,0.021052631557894736,0.0631578946736842,0.0,0.07368421045263156,0.05263157889473684,0.1263157893473684,0.13684210512631578
lpf,normal,低频段LPF,0.8987058522903133,0.002676893289606927,-0.0025633577895715367,0.0,0.1097,0.0,-1.1097995547844447e-12,0.0034904940368492773,0.795917834765882,1.0,1.6034748843297062,0.26666666666666666,0.0,0.0,0.0,0.0,0.0,0.15789473668421053,0.10526315778947372,0.15789473668421053,0.10526315778947372,0.0,0.0,0.0,0.0,0.0,0.0,0.0,0.0,0.02105263155789474,0.06315789467368421,0.0,0.07368421045263157,0.052631578894736845,0.12631578934736845,0.13684210512631578
lpf,normal,低频段LPF,0.900850758434179,0.0015799269770506979,-0.00256033187284145,0.0,0.1109,0.0,-1.0957718507679943e-12,0.003535401929390565,0.8043642534461449,1.0,1.6074240101487391,0.26666666666666666,0.0,0.0,0.0,0.0,0.0,0.15789473668421056,0.1052631577894737,0.15789473668421056,0.1052631577894737,0.0,0.0,0.0,0.0,0.0,0.0,0.0,0.0,0.02105263155789474,0.06315789467368423,0.0,0.07368421045263158,0.05263157889473685,0.12631578934736845,0.1368421051263158
rl,参考电平失准,衰减器,1.018564210518529,0.5817021391109871,0.0009614721025227313,0.0,0.1278,0.0,1.34379670265066e-11,0.005153203110599207,1.4699027614542857,0.5,1.5901889845898587,0.26666666666666666,0.0,0.0,0.0,0.0,0.0,0.15789473668421053,0.1052631577894737,0.15789473668421053,0.1052631577894737,0.0,0.0,0.0,0.0,0.0,0.0,0.0,0.0,0.02105263155789474,0.06315789467368421,0.0,0.07368421045263158,0.052631578894736845,0.12631578934736842,0.13684210512631578
adc,normal,数字IF板,1.0442891107168808,0.03961553315395908,0.03894897930286087,6695668.566856686,0.1175,0.0,6.959110850824786e-13,5.168623420865225,0.8193403394388055,1.0,1.8887228560031704,0.28888888888888886,0.333333333,0.333333333,0.333333333,0.06923076911094676,0.030769230715976335,0.11538461530029587,0.07692307686686393,0.11538461530029587,0.07692307686686393,0.03141025635589251,0.03141025635589251,0.013461538438239646,0.013461538438239646,0.008205128190927025,0.006153846143195268,0.01641025638185405,0.01923076919748521,0.019230769212869828,0.046153846120118344,0.015384615357988168,0.05384615380680474,0.03846153843343196,0.0923076922402367,0.11025641016558188
lo,频率失准,本振系统,0.99346159817692,0.0032028187393088703,-0.0018796037450471634,0.0,0.1083,0.0,2.5517640018060822e-14,0.021572207006397906,0.806912493014688,1.0,1.7735892324558398,0.28888888888888886,0.0,0.0,0.0,0.0,0.0,0.15789473668421053,0.10526315778947369,0.15789473668421053,0.10526315778947369,0.0,0.0,0.0,0.0,0.0,0.0,0.0,0.0,0.02105263155789474,0.06315789467368421,0.0,0.07368421045263158,0.052631578894736845,0.12631578934736845,0.1368421051263158
att,参考电平失准,衰减器,1.0471019753625037,0.7246803390046492,0.0023109492263169162,0.0,0.1586,0.0,1.4887153394177435e-11,0.004729870962303967,1.6227869165428976,0.5,1.705103821470193,0.28888888888888886,0.0,0.0,0.0,0.0,0.0,0.15789473668421053,0.10526315778947368,0.15789473668421053,0.10526315778947368,0.0,0.0,0.0,0.0,0.0,0.0,0.0,0.0,0.02105263155789474,0.06315789467368423,0.0,0.07368421045263158,0.052631578894736845,0.12631578934736842,0.13684210512631578
lo,频率失准,本振系统,0.9946499411221997,0.002276804459189358,-0.031319743056648516,0.0,0.1058,0.0,8.890393928397162e-13,3.6519881449530747,0.8125951264963197,1.0,1.766893371132117,0.3111111111111111,0.0,0.0,0.0,0.0,0.0,0.1578947366842105,0.10526315778947369,0.1578947366842105,0.10526315778947369,0.0,0.0,0.0,0.0,0.0,0.0,0.0,0.0,0.02105263155789474,0.06315789467368421,0.0,0.07368421045263157,0.052631578894736845,0.12631578934736842,0.1368421051263158
att,参考电平失准,衰减器,1.101531782537378,0.7337531336676004,0.0033322881355644096,0.0,0.1755,0.0,1.8720759597291555e-11,0.005208506563116551,1.6492939679357939,0.5,1.7034583988536733,0.28888888888888886,0.0,0.0,0.0,0.0,0.0,0.15789473668421053,0.10526315778947369,0.15789473668421053,0.10526315778947369,0.0,0.0,0.0,0.0,0.0,0.0,0.0,0.0,0.02105263155789474,0.06315789467368421,0.0,0.07368421045263157,0.052631578894736845,0.12631578934736845,0.1368421051263158
preamp,幅度失准,前置放大器,0.940199591141655,-0.30377082655851184,-0.0014683446264336375,0.0,0.1287,0.0,-1.0437417168841955e-11,0.002441498781776836,0.8836507944633789,1.0,1.8052981547698126,0.28888888888888886,0.0,0.0,0.0,0.0,0.0,0.1578947366842105,0.10526315778947368,0.1578947366842105,0.10526315778947368,0.0,0.0,0.0,0.0,0.0,0.0,0.0,0.0,0.02105263155789474,0.06315789467368421,0.0,0.07368421045263158,0.052631578894736845,0.12631578934736842,0.1368421051263158
clock,频率失准,时钟系统,0.9958145375488222,0.0012270687288662178,-0.035797960932417966,0.0,0.1048,0.0,1.1302502446634807e-12,4.787189025423343,0.8424102161820226,1.0,1.7971516961238332,0.3111111111111111,0.0,0.0,0.0,0.0,0.0,0.1578947366842105,0.10526315778947366,0.1578947366842105,0.10526315778947366,0.0,0.0,0.0,0.0,0.0,0.0,0.0,0.0,0.021052631557894736,0.06315789467368421,0.0,0.07368421045263157,0.05263157889473684,0.1263157893473684,0.13684210512631578
clock,频率失准,时钟系统,0.9721859607505953,0.014330234023178384,-0.10713970920788334,0.0,0.1074,0.0,5.13871793272859e-12,43.05356483630035,0.44243920235779893,1.0,3.126135394623511,0.3111111111111111,0.0,0.0,0.0,0.0,0.0,0.1578947366842105,0.10526315778947369,0.1578947366842105,0.10526315778947369,0.0,0.0,0.0,0.0,0.0,0.0,0.0,0.0,0.02105263155789474,0.06315789467368421,0.0,0.07368421045263157,0.052631578894736845,0.12631578934736842,0.13684210512631578
power,normal,电源模块,1.0039944050685425,0.0014684453446266322,2.6650310031139674e-05,0.0,0.2164,0.0,2.6532575100234344e-13,0.08617305412870338,0.6785909419480796,1.0,1.7516472883769383,0.37777777777777777,0.0,0.0,0.0,0.0,0.0,0.15789473668421053,0.10526315778947369,0.15789473668421053,0.10526315778947369,0.0,0.0,0.0,0.0,0.0,0.0,0.0,0.0,0.021052631557894743,0.06315789467368421,0.0,0.07368421045263158,0.05263157889473685,0.12631578934736842,0.1368421051263158
ytf,normal,高频段YTF滤波器,0.9917347811183527,0.0014521050461361183,-0.0011116627360356697,0.0,0.1079,0.0,-1.3519425711298005e-12,0.005103024387156042,0.8693636047331726,1.0,1.7787485082853314,0.26666666666666666,0.0,0.0,0.0,0.0,0.0,0.15789473668421053,0.10526315778947369,0.15789473668421053,0.10526315778947369,0.0,0.0,0.0,0.0,0.0,0.0,0.0,0.0,0.02105263155789474,0.06315789467368421,0.0,0.07368421045263158,0.052631578894736845,0.1263157893473684,0.1368421051263158
rl,参考电平失准,衰减器,1.007065986835213,0.5348179014768488,0.000591094275137316,0.0,0.1171,0.0,1.1887008970617258e-11,0.004896875546099917,1.3989338742944455,0.5,1.5941657255430062,0.26666666666666666,0.0,0.0,0.0,0.0,0.0,0.15789473668421053,0.10526315778947369,0.15789473668421053,0.10526315778947369,0.0,0.0,0.0,0.0,0.0,0.0,0.0,0.0,0.02105263155789474,0.0631578946736842,0.0,0.07368421045263157,0.05263157889473684,0.12631578934736842,0.13684210512631578
rl,参考电平失准,衰减器,0.9746148459228454,0.5542747361700711,2.9069941290760237e-05,0.0,0.1194,0.0,9.679845893458177e-12,0.004610622904480236,1.4156420799882286,0.5,1.6055499082662177,0.26666666666666666,0.0,0.0,0.0,0.0,0.0,0.15789473668421053,0.1052631577894737,0.15789473668421053,0.1052631577894737,0.0,0.0,0.0,0.0,0.0,0.0,0.0,0.0,0.02105263155789474,0.06315789467368423,0.0,0.07368421045263158,0.05263157889473685,0.12631578934736845,0.1368421051263158
vbw,normal,数字IF板,0.794876843584911,0.10817105295436327,0.019709404550215026,0.0,0.1239,0.0,-1.7830596826085926e-13,2.4827750208096395,0.0,0.0,1.295028261909494,0.17777777777777778,0.0,0.0,0.0,0.0,0.0,0.15789473668421053,0.10526315778947368,0.15789473668421053,0.10526315778947368,0.0,0.0,0.0,0.0,0.0,0.0,0.0,0.0,0.02105263155789474,0.06315789467368423,0.0,0.07368421045263158,0.052631578894736845,0.12631578934736842,0.13684210512631578
mixer,normal,低频段第一混频器,0.9936079076848113,0.00498515665946832,-0.00011559430189371847,0.0,0.2249,0.0,-2.6552574911728028e-14,0.060663901673360644,1.0976533595979312,1.0,1.8055594218940474,0.3333333333333333,0.0,0.0,0.0,0.0,0.0,0.15789473668421053,0.10526315778947369,0.15789473668421053,0.10526315778947369,0.0,0.0,0.0,0.0,0.0,0.0,0.0,0.0,0.021052631557894743,0.06315789467368421,0.0,0.07368421045263158,0.05263157889473685,0.12631578934736842,0.1368421051263158
rl,参考电平失准,衰减器,1.0608588274400168,0.31595315823485776,0.0009872100277935614,0.0,0.1101,0.0,1.3029026306785103e-11,0.004984566382912076,1.201105862964875,1.0,1.5735229948288292,0.26666666666666666,0.0,0.0,0.0,0.0,0.0,0.15789473668421056,0.1052631577894737,0.15789473668421056,0.1052631577894737,0.0,0.0,0.0,0.0,0.0,0.0,0.0,0.0,0.021052631557894743,0.06315789467368421,0.0,0.07368421045263158,0.05263157889473685,0.12631578934736845,0.1368421051263158
lpf,normal,低频段LPF,0.8991275523689168,0.001976202090141472,-0.0024999923759582592,0.0,0.1104,0.0,-1.0634608214148288e-12,0.003649434632347324,0.8234892947493533,0.5,1.6033653729816524,0.26666666666666666,0.0,0.0,0.0,0.0,0.0,0.1578947366842105,0.10526315778947369,0.1578947366842105,0.10526315778947369,0.0,0.0,0.0,0.0,0.0,0.0,0.0,0.0,0.02105263155789474,0.06315789467368421,0.0,0.07368421045263158,0.052631578894736845,0.12631578934736842,0.13684210512631578
rl,参考电平失准,衰减器,1.0550989327790012,0.37428661019137616,0.0010205929514571777,0.0,0.1099,0.0,1.3279759934263555e-11,0.005015781634772148,1.2405110999430233,1.0,1.580934498481131,0.26666666666666666,0.0,0.0,0.0,0.0,0.0,0.15789473668421053,0.10526315778947369,0.15789473668421053,0.10526315778947369,0.0,0.0,0.0,0.0,0.0,0.0,0.0,0.0,0.021052631557894743,0.06315789467368421,0.0,0.0736842104526316,0.05263157889473685,0.1263157893473684,0.1368421051263158
clock,频率失准,时钟系统,0.9627618609652502,0.019953804286888692,-0.12977660531512714,0.0,0.1095,0.0,6.994188689302262e-12,63.33972011736748,0.3035980019243085,0.5,4.1481618392020545,0.3111111111111111,0.0,0.0,0.0,0.0,0.0,0.1578947366842105,0.10526315778947366,0.1578947366842105,0.10526315778947366,0.0,0.0,0.0,0.0,0.0,0.0,0.0,0.0,0.021052631557894736,0.06315789467368421,0.0,0.07368421045263157,0.05263157889473684,0.12631578934736842,0.13684210512631578
vbw,normal,数字IF板,0.6955015639713092,0.1679230840718822,0.017229526007304263,0.0,0.1305,0.0,-6.639264149840968e-14,2.509230606312401,0.0,0.0,0.6976674501159913,0.2222222222222222,0.0,0.0,0.0,0.0,0.0,0.15789473668421053,0.10526315778947369,0.15789473668421053,0.10526315778947369,0.0,0.0,0.0,0.0,0.0,0.0,0.0,0.0,0.02105263155789474,0.06315789467368421,0.0,0.07368421045263157,0.052631578894736845,0.12631578934736842,0.13684210512631578
mixer,normal,低频段第一混频器,0.9998288026500656,0.0027153093846916353,-5.655410313609808e-05,0.0,0.2114,0.0,2.830682537479072e-15,0.04205783428949242,0.9227764350682928,1.0,1.7926802975486127,0.28888888888888886,0.0,0.0,0.0,0.0,0.0,0.15789473668421053,0.10526315778947369,0.15789473668421053,0.10526315778947369,0.0,0.0,0.0,0.0,0.0,0.0,0.0,0.0,0.021052631557894743,0.06315789467368421,0.0,0.07368421045263158,0.05263157889473685,0.12631578934736842,0.1368421051263158
clock,频率失准,时钟系统,0.9882827090302391,0.005777075922165135,-0.06665787316457993,0.0,0.106,0.0,2.5651822054525305e-12,16.61594467237245,0.6121091146324547,1.0,1.818140925895894,0.3111111111111111,0.0,0.0,0.0,0.0,0.0,0.15789473668421053,0.1052631577894737,0.15789473668421053,0.1052631577894737,0.0,0.0,0.0,0.0,0.0,0.0,0.0,0.0,0.021052631557894743,0.06315789467368423,0.0,0.07368421045263158,0.05263157889473685,0.12631578934736845,0.1368421051263158
vbw,normal,数字IF板,0.7266023873684778,0.14982244856619228,0.01798555377549646,0.0,0.1286,0.0,-1.3796934149585023e-13,2.5078876755167285,0.0,0.0,0.843798926083233,0.2222222222222222,0.0,0.0,0.0,0.0,0.0,0.1578947366842105,0.10526315778947368,0.1578947366842105,0.10526315778947368,0.0,0.0,0.0,0.0,0.0,0.0,0.0,0.0,0.02105263155789474,0.0631578946736842,0.0,0.07368421045263157,0.052631578894736845,0.12631578934736842,0.13684210512631578
freq,频率失准,时钟系统,0.980519198147804,0.010064682843246785,-0.08708259234514386,0.0,0.1053,0.0,3.7853079551155125e-12,28.405116996278828,0.5242078108525784,1.0,2.3241927662742965,0.3111111111111111,0.0,0.0,0.0,0.0,0.0,0.15789473668421053,0.1052631577894737,0.15789473668421053,0.1052631577894737,0.0,0.0,0.0,0.0,0.0,0.0,0.0,0.0,0.02105263155789474,0.06315789467368421,0.0,0.07368421045263157,0.052631578894736845,0.12631578934736845,0.1368421051263158
freq,频率失准,时钟系统,0.9678490773701511,0.01595200959807315,-0.11934143232840606,0.0,0.1078,0.0,6.154661742992414e-12,53.49188497942563,0.379325842679425,0.5,3.6461254038594992,0.3111111111111111,0.0,0.0,0.0,0.0,0.0,0.1578947366842105,0.10526315778947369,0.1578947366842105,0.10526315778947369,0.0,0.0,0.0,0.0,0.0,0.0,0.0,0.0,0.021052631557894743,0.06315789467368421,0.0,0.07368421045263158,0.05263157889473685,0.12631578934736842,0.1368421051263158
normal,normal,none,1.0007947034775153,0.0002586370156968795,3.0151435815812844e-05,0.0,0.1094,0.0,2.7685894571347197e-14,0.002465735994016124,0.9037180456973214,1.0,1.791724500068105,0.28888888888888886,0.0,0.0,0.0,0.0,0.0,0.15789473668421053,0.10526315778947369,0.15789473668421053,0.10526315778947369,0.0,0.0,0.0,0.0,0.0,0.0,0.0,0.0,0.021052631557894733,0.0631578946736842,0.0,0.07368421045263157,0.05263157889473684,0.1263157893473684,0.13684210512631578
adc,normal,数字IF板,1.0713068713118121,-0.10263434703260248,0.0633357489468274,6695668.566856686,0.1521,0.0,1.140911620744355e-12,13.637116290039552,0.8187644269319501,1.0,1.9497481318254524,0.3333333333333333,0.333333333,0.333333333,0.33333333299999995,0.06923076911094675,0.030769230715976335,0.11538461530029585,0.07692307686686391,0.11538461530029585,0.07692307686686391,0.0314102563558925,0.0314102563558925,0.013461538438239643,0.013461538438239643,0.008205128190927021,0.006153846143195265,0.016410256381854043,0.01923076919748521,0.019230769212869824,0.04615384612011834,0.015384615357988168,0.05384615380680473,0.038461538433431953,0.09230769224023669,0.11025641016558185
mixer,normal,低频段第一混频器,0.9971486778219102,0.005822418510730262,-3.785604122403391e-05,0.0,0.2398,0.0,-1.8654670769446253e-14,0.09965512337249113,1.111104158129657,1.0,1.7825268264701044,0.28888888888888886,0.0,0.0,0.0,0.0,0.0,0.15789473668421053,0.10526315778947369,0.15789473668421053,0.10526315778947369,0.0,0.0,0.0,0.0,0.0,0.0,0.0,0.0,0.021052631557894743,0.06315789467368421,0.0,0.07368421045263158,0.05263157889473685,0.12631578934736842,0.1368421051263158
